-- phpMyAdmin SQL Dump
-- version 5.0.3
-- https://www.phpmyadmin.net/
--
-- Servidor: 127.0.0.1
-- Tiempo de generación: 02-11-2020 a las 20:56:51
-- Versión del servidor: 10.4.14-MariaDB
-- Versión de PHP: 7.2.34

SET SQL_MODE = "NO_AUTO_VALUE_ON_ZERO";
START TRANSACTION;
SET time_zone = "+00:00";


/*!40101 SET @OLD_CHARACTER_SET_CLIENT=@@CHARACTER_SET_CLIENT */;
/*!40101 SET @OLD_CHARACTER_SET_RESULTS=@@CHARACTER_SET_RESULTS */;
/*!40101 SET @OLD_COLLATION_CONNECTION=@@COLLATION_CONNECTION */;
/*!40101 SET NAMES utf8mb4 */;

--
-- Base de datos: `simple_invoice`
--
CREATE DATABASE IF NOT EXISTS `simple_invoice` DEFAULT CHARACTER SET utf8mb4 COLLATE utf8mb4_general_ci;
USE `simple_invoice`;

-- --------------------------------------------------------

--
-- Estructura de tabla para la tabla `clientes`
--

CREATE TABLE `clientes` (
  `id_cliente` int(11) NOT NULL,
  `nombre_cliente` varchar(255) NOT NULL,
  `telefono_cliente` char(30) NOT NULL,
  `email_cliente` varchar(64) NOT NULL,
  `direccion_cliente` varchar(255) NOT NULL,
  `status_cliente` tinyint(4) NOT NULL,
  `date_added` datetime NOT NULL
) ENGINE=MyISAM DEFAULT CHARSET=utf8;

--
-- Volcado de datos para la tabla `clientes`
--

INSERT INTO `clientes` (`id_cliente`, `nombre_cliente`, `telefono_cliente`, `email_cliente`, `direccion_cliente`, `status_cliente`, `date_added`) VALUES
(1, 'franco', '14567899', 'stxpservicio@gmail.com', 'Rua Maria Holovati Leocadio', 1, '2020-11-01 14:09:00'),
(2, 'eliecer1', '14567899', 'stxpservicio@gmail.com', 'Rua Maria Holovati Leocadio', 1, '2020-11-01 14:21:13'),
(3, 'franco eliecer', '14567899', 'eliecer.franco.75@facebook.com', 'Rua Maria Holovati Leocadio', 1, '2020-11-01 14:22:58'),
(4, 'YDALIA JIMENEZ', '14567899', 'stxpservicio@gmail.com', 'Rua Maria Holovati Leocadio', 1, '2020-11-02 01:11:34'),
(5, 'refresco', '14567899', 'stxpservicio@gmail.com', 'Rua Maria Holovati Leocadio', 1, '2020-11-02 01:23:49'),
(6, 'franco1', 'zxcczz', 'stxpservicio@gmail.com', 'Rua Maria Holovati Leocadio', 1, '2020-11-02 17:45:38');

-- --------------------------------------------------------

--
-- Estructura de tabla para la tabla `currencies`
--

CREATE TABLE `currencies` (
  `id` int(10) UNSIGNED NOT NULL,
  `name` varchar(255) CHARACTER SET utf8 COLLATE utf8_unicode_ci NOT NULL,
  `symbol` varchar(255) NOT NULL,
  `precision` varchar(255) CHARACTER SET utf8 COLLATE utf8_unicode_ci NOT NULL,
  `thousand_separator` varchar(255) CHARACTER SET utf8 COLLATE utf8_unicode_ci NOT NULL,
  `decimal_separator` varchar(255) CHARACTER SET utf8 COLLATE utf8_unicode_ci NOT NULL,
  `code` varchar(255) CHARACTER SET utf8 COLLATE utf8_unicode_ci NOT NULL
) ENGINE=InnoDB DEFAULT CHARSET=utf8;

--
-- Volcado de datos para la tabla `currencies`
--

INSERT INTO `currencies` (`id`, `name`, `symbol`, `precision`, `thousand_separator`, `decimal_separator`, `code`) VALUES
(1, 'US Dollar', '$', '2', ',', '.', 'USD'),
(2, 'Libra Esterlina', '&pound;', '2', ',', '.', 'GBP'),
(3, 'Euro', 'â‚¬', '2', '.', ',', 'EUR'),
(4, 'South African Rand', 'R', '2', '.', ',', 'ZAR'),
(5, 'Danish Krone', 'kr ', '2', '.', ',', 'DKK'),
(6, 'Israeli Shekel', 'NIS ', '2', ',', '.', 'ILS'),
(7, 'Swedish Krona', 'kr ', '2', '.', ',', 'SEK'),
(8, 'Kenyan Shilling', 'KSh ', '2', ',', '.', 'KES'),
(9, 'Canadian Dollar', 'C$', '2', ',', '.', 'CAD'),
(10, 'Philippine Peso', 'P ', '2', ',', '.', 'PHP'),
(11, 'Indian Rupee', 'Rs. ', '2', ',', '.', 'INR'),
(12, 'Australian Dollar', '$', '2', ',', '.', 'AUD'),
(13, 'Singapore Dollar', 'SGD ', '2', ',', '.', 'SGD'),
(14, 'Norske Kroner', 'kr ', '2', '.', ',', 'NOK'),
(15, 'New Zealand Dollar', '$', '2', ',', '.', 'NZD'),
(16, 'Vietnamese Dong', 'VND ', '0', '.', ',', 'VND'),
(17, 'Swiss Franc', 'CHF ', '2', '\'', '.', 'CHF'),
(18, 'Quetzal Guatemalteco', 'Q', '2', ',', '.', 'GTQ'),
(19, 'Malaysian Ringgit', 'RM', '2', ',', '.', 'MYR'),
(20, 'Real Brasile&ntilde;o', 'R$', '2', '.', ',', 'BRL'),
(21, 'Thai Baht', 'THB ', '2', ',', '.', 'THB'),
(22, 'Nigerian Naira', 'NGN ', '2', ',', '.', 'NGN'),
(23, 'Peso Argentino', '$', '2', '.', ',', 'ARS'),
(24, 'Bangladeshi Taka', 'Tk', '2', ',', '.', 'BDT'),
(25, 'United Arab Emirates Dirham', 'DH ', '2', ',', '.', 'AED'),
(26, 'Hong Kong Dollar', '$', '2', ',', '.', 'HKD'),
(27, 'Indonesian Rupiah', 'Rp', '2', ',', '.', 'IDR'),
(28, 'Peso Mexicano', '$', '2', ',', '.', 'MXN'),
(29, 'Egyptian Pound', '&pound;', '2', ',', '.', 'EGP'),
(30, 'Peso Colombiano', '$', '2', '.', ',', 'COP'),
(31, 'West African Franc', 'CFA ', '2', ',', '.', 'XOF'),
(32, 'Chinese Renminbi', 'RMB ', '2', ',', '.', 'CNY');

-- --------------------------------------------------------

--
-- Estructura de tabla para la tabla `detalle_factura`
--

CREATE TABLE `detalle_factura` (
  `id_detalle` int(11) NOT NULL,
  `numero_factura` int(11) NOT NULL,
  `id_producto` int(11) NOT NULL,
  `cantidad` int(11) NOT NULL,
  `precio_venta` double NOT NULL
) ENGINE=MyISAM DEFAULT CHARSET=utf8;

--
-- Volcado de datos para la tabla `detalle_factura`
--

INSERT INTO `detalle_factura` (`id_detalle`, `numero_factura`, `id_producto`, `cantidad`, `precio_venta`) VALUES
(1, 1, 1, 1, 40),
(2, 2, 1, 1, 40),
(18, 3, 1, 1, 40),
(21, 5, 2, 1, 5),
(19, 4, 1, 1, 40),
(23, 6, 2, 1, 5),
(22, 5, 3, 1, 50),
(24, 6, 3, 1, 50),
(26, 7, 2, 1, 5),
(27, 7, 1, 1, 40),
(28, 8, 3, 1, 50),
(29, 8, 2, 1, 5),
(30, 8, 1, 1, 40),
(31, 8, 1, 1, 40),
(32, 8, 2, 1, 5),
(34, 9, 1, 1, 40);

-- --------------------------------------------------------

--
-- Estructura de tabla para la tabla `facturas`
--

CREATE TABLE `facturas` (
  `id_factura` int(11) NOT NULL,
  `numero_factura` int(11) NOT NULL,
  `fecha_factura` datetime NOT NULL,
  `id_cliente` int(11) NOT NULL,
  `id_vendedor` int(11) NOT NULL,
  `condiciones` varchar(30) NOT NULL,
  `total_venta` varchar(20) NOT NULL,
  `estado_factura` tinyint(1) NOT NULL
) ENGINE=MyISAM DEFAULT CHARSET=utf8;

--
-- Volcado de datos para la tabla `facturas`
--

INSERT INTO `facturas` (`id_factura`, `numero_factura`, `fecha_factura`, `id_cliente`, `id_vendedor`, `condiciones`, `total_venta`, `estado_factura`) VALUES
(1, 1, '2020-11-01 14:23:31', 3, 1, '1', '45.2', 1),
(2, 2, '2020-11-01 14:26:01', 3, 1, '3', '40', 2),
(3, 3, '2020-11-01 14:32:02', 3, 1, '1', '40', 2),
(4, 4, '2020-11-01 22:07:08', 3, 1, '1', '40', 2),
(5, 5, '2020-11-02 00:45:56', 3, 1, '1', '55', 1),
(6, 6, '2020-11-02 00:56:56', 3, 1, '1', '55', 2),
(7, 7, '2020-11-02 17:40:25', 5, 1, '1', '45', 1),
(8, 8, '2020-11-02 19:57:03', 6, 1, '1', '140', 1),
(9, 9, '2020-11-02 20:11:30', 6, 1, '1', '40', 2);

-- --------------------------------------------------------

--
-- Estructura de tabla para la tabla `perfil`
--

CREATE TABLE `perfil` (
  `id_perfil` int(11) NOT NULL,
  `nombre_empresa` varchar(150) NOT NULL,
  `direccion` varchar(255) NOT NULL,
  `ciudad` varchar(100) NOT NULL,
  `codigo_postal` varchar(100) NOT NULL,
  `estado` varchar(100) NOT NULL,
  `telefono` varchar(20) NOT NULL,
  `email` varchar(64) NOT NULL,
  `impuesto` int(2) NOT NULL,
  `moneda` varchar(6) NOT NULL,
  `logo_url` varchar(255) NOT NULL
) ENGINE=InnoDB DEFAULT CHARSET=latin1;

--
-- Volcado de datos para la tabla `perfil`
--

INSERT INTO `perfil` (`id_perfil`, `nombre_empresa`, `direccion`, `ciudad`, `codigo_postal`, `estado`, `telefono`, `email`, `impuesto`, `moneda`, `logo_url`) VALUES
(1, 'SISTEMAS WEB LA', 'Colonias Los Andes  #250', 'Moncagua', '3301', 'San Miguel', '+(503) 2682-555', 'info@obedalvarado.pw', 0, 'R$', 'img/1478792451_google30.png');

-- --------------------------------------------------------

--
-- Estructura de tabla para la tabla `products`
--

CREATE TABLE `products` (
  `id_producto` int(11) NOT NULL,
  `codigo_producto` char(20) NOT NULL,
  `nombre_producto` char(255) NOT NULL,
  `status_producto` tinyint(4) NOT NULL,
  `date_added` datetime NOT NULL,
  `precio_producto` double NOT NULL
) ENGINE=MyISAM DEFAULT CHARSET=utf8;

--
-- Volcado de datos para la tabla `products`
--

INSERT INTO `products` (`id_producto`, `codigo_producto`, `nombre_producto`, `status_producto`, `date_added`, `precio_producto`) VALUES
(1, 'N2KTMgnyXb3rP1P', 'arepa', 1, '2020-11-01 14:09:51', 40),
(2, 'past', 'fgvnbn', 1, '2020-11-01 22:48:54', 5),
(3, 'N2KTMgnyXb3rP1Phfdvb', 'bnvbnv', 1, '2020-11-01 22:53:52', 50),
(9, '01', 'arepa frita', 1, '2020-11-02 17:34:59', 5),
(10, '02', 'arepa frita carne', 1, '2020-11-02 17:35:10', 5),
(11, '11930000', 'franco', 1, '2020-11-02 17:38:33', 40),
(12, '11230000', 'franco', 1, '2020-11-02 17:38:39', 40);

-- --------------------------------------------------------

--
-- Estructura de tabla para la tabla `tmp`
--

CREATE TABLE `tmp` (
  `id_tmp` int(11) NOT NULL,
  `id_producto` int(11) NOT NULL,
  `cantidad_tmp` int(11) NOT NULL,
  `precio_tmp` double(8,2) DEFAULT NULL,
  `session_id` varchar(100) COLLATE utf8_unicode_ci NOT NULL
) ENGINE=MyISAM DEFAULT CHARSET=utf8 COLLATE=utf8_unicode_ci;

-- --------------------------------------------------------

--
-- Estructura de tabla para la tabla `users`
--

CREATE TABLE `users` (
  `user_id` int(11) NOT NULL COMMENT 'auto incrementing user_id of each user, unique index',
  `firstname` varchar(20) COLLATE utf8_unicode_ci NOT NULL,
  `lastname` varchar(20) COLLATE utf8_unicode_ci NOT NULL,
  `user_name` varchar(64) COLLATE utf8_unicode_ci NOT NULL COMMENT 'user''s name, unique',
  `user_password_hash` varchar(255) COLLATE utf8_unicode_ci NOT NULL COMMENT 'user''s password in salted and hashed format',
  `user_email` varchar(64) COLLATE utf8_unicode_ci NOT NULL COMMENT 'user''s email, unique',
  `date_added` datetime NOT NULL
) ENGINE=InnoDB DEFAULT CHARSET=utf8 COLLATE=utf8_unicode_ci COMMENT='user data';

--
-- Volcado de datos para la tabla `users`
--

INSERT INTO `users` (`user_id`, `firstname`, `lastname`, `user_name`, `user_password_hash`, `user_email`, `date_added`) VALUES
(1, 'Obed', 'Alvarado', 'admin', '$2y$10$MPVHzZ2ZPOWmtUUGCq3RXu31OTB.jo7M9LZ7PmPQYmgETSNn19ejO', 'admin@admin.com', '2016-05-21 15:06:00');

--
-- Índices para tablas volcadas
--

--
-- Indices de la tabla `clientes`
--
ALTER TABLE `clientes`
  ADD PRIMARY KEY (`id_cliente`),
  ADD UNIQUE KEY `codigo_producto` (`nombre_cliente`);

--
-- Indices de la tabla `currencies`
--
ALTER TABLE `currencies`
  ADD PRIMARY KEY (`id`);

--
-- Indices de la tabla `detalle_factura`
--
ALTER TABLE `detalle_factura`
  ADD PRIMARY KEY (`id_detalle`),
  ADD KEY `numero_cotizacion` (`numero_factura`,`id_producto`);

--
-- Indices de la tabla `facturas`
--
ALTER TABLE `facturas`
  ADD PRIMARY KEY (`id_factura`),
  ADD UNIQUE KEY `numero_cotizacion` (`numero_factura`);

--
-- Indices de la tabla `perfil`
--
ALTER TABLE `perfil`
  ADD PRIMARY KEY (`id_perfil`);

--
-- Indices de la tabla `products`
--
ALTER TABLE `products`
  ADD PRIMARY KEY (`id_producto`),
  ADD UNIQUE KEY `codigo_producto` (`codigo_producto`);

--
-- Indices de la tabla `tmp`
--
ALTER TABLE `tmp`
  ADD PRIMARY KEY (`id_tmp`);

--
-- Indices de la tabla `users`
--
ALTER TABLE `users`
  ADD PRIMARY KEY (`user_id`),
  ADD UNIQUE KEY `user_name` (`user_name`),
  ADD UNIQUE KEY `user_email` (`user_email`);

--
-- AUTO_INCREMENT de las tablas volcadas
--

--
-- AUTO_INCREMENT de la tabla `clientes`
--
ALTER TABLE `clientes`
  MODIFY `id_cliente` int(11) NOT NULL AUTO_INCREMENT, AUTO_INCREMENT=7;

--
-- AUTO_INCREMENT de la tabla `currencies`
--
ALTER TABLE `currencies`
  MODIFY `id` int(10) UNSIGNED NOT NULL AUTO_INCREMENT, AUTO_INCREMENT=33;

--
-- AUTO_INCREMENT de la tabla `detalle_factura`
--
ALTER TABLE `detalle_factura`
  MODIFY `id_detalle` int(11) NOT NULL AUTO_INCREMENT, AUTO_INCREMENT=35;

--
-- AUTO_INCREMENT de la tabla `facturas`
--
ALTER TABLE `facturas`
  MODIFY `id_factura` int(11) NOT NULL AUTO_INCREMENT, AUTO_INCREMENT=10;

--
-- AUTO_INCREMENT de la tabla `perfil`
--
ALTER TABLE `perfil`
  MODIFY `id_perfil` int(11) NOT NULL AUTO_INCREMENT, AUTO_INCREMENT=2;

--
-- AUTO_INCREMENT de la tabla `products`
--
ALTER TABLE `products`
  MODIFY `id_producto` int(11) NOT NULL AUTO_INCREMENT, AUTO_INCREMENT=13;

--
-- AUTO_INCREMENT de la tabla `tmp`
--
ALTER TABLE `tmp`
  MODIFY `id_tmp` int(11) NOT NULL AUTO_INCREMENT, AUTO_INCREMENT=20;

--
-- AUTO_INCREMENT de la tabla `users`
--
ALTER TABLE `users`
  MODIFY `user_id` int(11) NOT NULL AUTO_INCREMENT COMMENT 'auto incrementing user_id of each user, unique index', AUTO_INCREMENT=2;
COMMIT;

/*!40101 SET CHARACTER_SET_CLIENT=@OLD_CHARACTER_SET_CLIENT */;
/*!40101 SET CHARACTER_SET_RESULTS=@OLD_CHARACTER_SET_RESULTS */;
/*!40101 SET COLLATION_CONNECTION=@OLD_COLLATION_CONNECTION */;
